stock_decision,name,slug,sku,brand_slug,category_slug,shortDescription,description,price,compareAtPrice,costPrice,stockStatus,stockQuantity,lowStockAlert,isFeatured,isActive,image_url,image_alt,metaTitle,metaDescription,metaKeywords,source_list_url,memory_type,speed,latency,capacity,voltage,other_features,color,ram_features,warranty
STOCK,Kingston FURY Beast 8GB 3200MHz DDR4 Desktop RAM,kingston-fury-beast-8gb-3200mhz-ddr4-desktop-ram,RAM-KINGSTON-FURY-BEAST-8GB-3200MHZ-DDR4,kingston,desktop-ram,Kingston FURY Beast 8GB 3200MHz DDR4 Desktop RAM - fill your own short pitch before publish.,,8300,8400,,IN_STOCK,0,5,false,true,/uploads/ram/kingston-fury-beast-8gb-3200mhz-ddr4-desktop-ram.jpg,Kingston FURY Beast 8GB 3200MHz DDR4 Desktop RAM,Buy Kingston FURY Beast 8GB 3200MHz DDR4 Desktop RAM in Bangladesh | LogicBay BD,Kingston FURY Beast 8GB 3200MHz DDR4 Desktop RAM. Check price and warranty at LogicBay BD.,"desktop ram, kingston, ddr4, 8gb, 3200 mhz",https://www.startech.com.bd/kingston-fury-beast-8gb-3200mhz-ddr4-desktop-ram,DDR4,3200 MHz,,8GB,,,,,Lifetime
STOCK,Corsair Vengeance LPX 8GB 3200MHz DDR4 Desktop RAM,corsair-vengeance-lpx-8gb-3200mhz-ddr4-desktop-ram,RAM-CORSAIR-VENGEANCE-LPX-8GB-3200MHZ-DDR4,corsair,desktop-ram,Corsair Vengeance LPX 8GB 3200MHz DDR4 Desktop RAM - fill your own short pitch before publish.,,8500,8999,,IN_STOCK,0,5,false,true,/uploads/ram/corsair-vengeance-lpx-8gb-3200mhz-ddr4-desktop-ram.png,Corsair Vengeance LPX 8GB 3200MHz DDR4 Desktop RAM,Buy Corsair Vengeance LPX 8GB 3200MHz DDR4 Desktop RAM in Bangladesh | LogicBay BD,Corsair Vengeance LPX 8GB 3200MHz DDR4 Desktop RAM. Check price and warranty at LogicBay BD.,"desktop ram, corsair, ddr4, 8gb, 3200 mhz",https://www.startech.com.bd/corsair-vengeance-lpx-8gb-3200mhz,DDR4,3200 MHz,,8GB,,,,,Lifetime
STOCK,G.SKILL Aegis 8GB DDR4 3200Mhz Desktop RAM,g-skill-aegis-8gb-ddr4-3200mhz-desktop-ram,RAM-GSKILL-G-SKILL-AEGIS-8GB-DDR4-3200MHZ,g-skill,desktop-ram,G.SKILL Aegis 8GB DDR4 3200Mhz Desktop RAM - fill your own short pitch before publish.,,8000,,,IN_STOCK,0,5,false,true,/uploads/ram/g-skill-aegis-8gb-ddr4-3200mhz-desktop-ram.webp,G.SKILL Aegis 8GB DDR4 3200Mhz Desktop RAM,Buy G.SKILL Aegis 8GB DDR4 3200Mhz Desktop RAM in Bangladesh | LogicBay BD,G.SKILL Aegis 8GB DDR4 3200Mhz Desktop RAM. Check price and warranty at LogicBay BD.,"desktop ram, g-skill, ddr4, 8gb, 3200 mhz",https://www.startech.com.bd/g-skill-aegis-8gb-ddr4-3200mhz-desktop-ram,DDR4,3200 MHz,,8GB,,,,,Lifetime
STOCK,Team T-Force VULCAN Z Red 8GB DDR4 3200MHz Desktop Gaming RAM,team-t-force-vulcan-z-red-8gb-ddr4-3200mhz-desktop-gaming-ram,RAM-TEAM-T-FORCE-VULCAN-Z-RED-8GB-DDR4-3200M,team,desktop-ram,Team T-Force VULCAN Z Red 8GB DDR4 3200MHz Desktop Gaming RAM - fill your own short pitch before publish.,,8500,,,IN_STOCK,0,5,false,true,/uploads/ram/team-t-force-vulcan-z-red-8gb-ddr4-3200mhz-desktop-gaming-ram.jpg,Team T-Force VULCAN Z Red 8GB DDR4 3200MHz Desktop Gaming RAM,Buy Team T-Force VULCAN Z Red 8GB DDR4 3200MHz Desktop Gaming RAM in Bangladesh | LogicBay BD,Team T-Force VULCAN Z Red 8GB DDR4 3200MHz Desktop Gaming RAM. Check price and warranty at LogicBay BD.,"desktop ram, team, ddr4, 8gb, 3200 mhz",https://www.startech.com.bd/team-t-force-vulcan-z-red-8gb-ddr4-3200mhz-ram,DDR4,3200 MHz,,8GB,,,Red,,Lifetime
STOCK,Adata 8GB DDR5 5600MHz CL46 U-DIMM Desktop RAM,adata-8gb-ddr5-5600mhz-cl46-u-dimm-desktop-ram,RAM-ADATA-8GB-DDR5-5600MHZ-CL46-U-DIMM,adata,desktop-ram,Adata 8GB DDR5 5600MHz CL46 U-DIMM Desktop RAM - fill your own short pitch before publish.,,17200,,,IN_STOCK,0,5,false,true,/uploads/ram/adata-8gb-ddr5-5600mhz-cl46-u-dimm-desktop-ram.webp,Adata 8GB DDR5 5600MHz CL46 U-DIMM Desktop RAM,Buy Adata 8GB DDR5 5600MHz CL46 U-DIMM Desktop RAM in Bangladesh | LogicBay BD,Adata 8GB DDR5 5600MHz CL46 U-DIMM Desktop RAM. Check price and warranty at LogicBay BD.,"desktop ram, adata, ddr5, 8gb, 5600 mhz",https://www.startech.com.bd/adata-8gb-ddr5-5600mhz-desktop-ram,DDR5,5600 MHz,,8GB,,,,,Lifetime
STOCK,Lexar THOR 8GB DDR4 3200Mhz UDIMM Desktop RAM,lexar-thor-8gb-ddr4-3200mhz-udimm-desktop-ram,RAM-LEXAR-THOR-8GB-DDR4-3200MHZ-UDIMM,lexar,desktop-ram,Lexar THOR 8GB DDR4 3200Mhz UDIMM Desktop RAM - fill your own short pitch before publish.,,11500,,,IN_STOCK,0,5,false,true,/uploads/ram/lexar-thor-8gb-ddr4-3200mhz-udimm-desktop-ram.webp,Lexar THOR 8GB DDR4 3200Mhz UDIMM Desktop RAM,Buy Lexar THOR 8GB DDR4 3200Mhz UDIMM Desktop RAM in Bangladesh | LogicBay BD,Lexar THOR 8GB DDR4 3200Mhz UDIMM Desktop RAM. Check price and warranty at LogicBay BD.,"desktop ram, lexar, ddr4, 8gb, 3200 mhz",https://www.startech.com.bd/lexar-thor-8gb-ddr4-3200mhz-ram,DDR4,3200 MHz,,8GB,,,,,Lifetime
STOCK,PNY XLR8 16GB DDR4 3200MHz Desktop Gaming RAM,pny-xlr8-16gb-ddr4-3200mhz-desktop-gaming-ram,RAM-PNY-XLR8-16GB-DDR4-3200MHZ-GAMING,pny,desktop-ram,PNY XLR8 16GB DDR4 3200MHz Desktop Gaming RAM - fill your own short pitch before publish.,,16000,,,IN_STOCK,0,5,false,true,/uploads/ram/pny-xlr8-16gb-ddr4-3200mhz-desktop-gaming-ram.jpg,PNY XLR8 16GB DDR4 3200MHz Desktop Gaming RAM,Buy PNY XLR8 16GB DDR4 3200MHz Desktop Gaming RAM in Bangladesh | LogicBay BD,PNY XLR8 16GB DDR4 3200MHz Desktop Gaming RAM. Check price and warranty at LogicBay BD.,"desktop ram, pny, ddr4, 16gb, 3200 mhz",https://www.startech.com.bd/pny-xlr8-16gb-desktop-gaming-ram,DDR4,3200 MHz,,16GB,,,,,Lifetime
STOCK,TwinMOS VOLTX 16GB DDR5 6000MHz Desktop RAM,twinmos-voltx-16gb-ddr5-6000mhz-desktop-ram,RAM-TWINMOS-VOLTX-16GB-DDR5-6000MHZ,twinmos,desktop-ram,TwinMOS VOLTX 16GB DDR5 6000MHz Desktop RAM - fill your own short pitch before publish.,,10000,,,IN_STOCK,0,5,false,true,/uploads/ram/twinmos-voltx-16gb-ddr5-6000mhz-desktop-ram.webp,TwinMOS VOLTX 16GB DDR5 6000MHz Desktop RAM,Buy TwinMOS VOLTX 16GB DDR5 6000MHz Desktop RAM in Bangladesh | LogicBay BD,TwinMOS VOLTX 16GB DDR5 6000MHz Desktop RAM. Check price and warranty at LogicBay BD.,"desktop ram, twinmos, ddr5, 16gb, 6000 mhz",https://www.startech.com.bd/twinmos-voltx-16gb-ram,DDR5,6000 MHz,,16GB,,,,,Lifetime
STOCK,Netac Basic DDR3 8GB 1600MHZ Desktop RAM,netac-basic-ddr3-8gb-1600mhz-desktop-ram,RAM-NETAC-BASIC-DDR3-8GB-1600MHZ,netac,desktop-ram,Netac Basic DDR3 8GB 1600MHZ Desktop RAM - fill your own short pitch before publish.,,2800,3900,,IN_STOCK,0,5,false,true,/uploads/ram/netac-basic-ddr3-8gb-1600mhz-desktop-ram.webp,Netac Basic DDR3 8GB 1600MHZ Desktop RAM,Buy Netac Basic DDR3 8GB 1600MHZ Desktop RAM in Bangladesh | LogicBay BD,Netac Basic DDR3 8GB 1600MHZ Desktop RAM. Check price and warranty at LogicBay BD.,"desktop ram, netac, ddr3, 8gb, 1600 mhz",https://www.startech.com.bd/netac-basic-ddr3-8gb-1600mhz-desktop-ram,DDR3,1600 MHz,,8GB,,,,,Lifetime
STOCK,OCPC X3 RGB DDR4 3200MHz 8GB Desktop RAM,ocpc-x3-rgb-ddr4-3200mhz-8gb-desktop-ram,RAM-OCPC-X3-RGB-DDR4-3200MHZ-8GB,ocpc,desktop-ram,OCPC X3 RGB DDR4 3200MHz 8GB Desktop RAM - fill your own short pitch before publish.,,7900,,,IN_STOCK,0,5,false,true,/uploads/ram/ocpc-x3-rgb-ddr4-3200mhz-8gb-desktop-ram.webp,OCPC X3 RGB DDR4 3200MHz 8GB Desktop RAM,Buy OCPC X3 RGB DDR4 3200MHz 8GB Desktop RAM in Bangladesh | LogicBay BD,OCPC X3 RGB DDR4 3200MHz 8GB Desktop RAM. Check price and warranty at LogicBay BD.,"desktop ram, ocpc, ddr4, 8gb, 3200 mhz",https://www.startech.com.bd/ocpc-x3-rgb-ddr4-3200mhz-8gb-ram,DDR4,3200 MHz,,8GB,,,,RGB RAM,Lifetime
STOCK,AITC Kingsman Innovator 8GB DDR4 3200MHz Desktop RAM Black,aitc-kingsman-innovator-8gb-ddr4-3200mhz-desktop-ram-black,RAM-AITC-KINGSMAN-INNOVATOR-8GB-DDR4-3200MHZ,aitc,desktop-ram,AITC Kingsman Innovator 8GB DDR4 3200MHz Desktop RAM Black - fill your own short pitch before publish.,,7500,,,IN_STOCK,0,5,false,true,/uploads/ram/aitc-kingsman-innovator-8gb-ddr4-3200mhz-desktop-ram-black.webp,AITC Kingsman Innovator 8GB DDR4 3200MHz Desktop RAM Black,Buy AITC Kingsman Innovator 8GB DDR4 3200MHz Desktop RAM Black in Bangladesh | LogicBay BD,AITC Kingsman Innovator 8GB DDR4 3200MHz Desktop RAM Black. Check price and warranty at LogicBay BD.,"desktop ram, aitc, ddr4, 8gb, 3200 mhz",https://www.startech.com.bd/aitc-kingsman-innovator-8gb-ddr4-3200mhz-ram,DDR4,3200 MHz,,8GB,,,Black,,Lifetime
STOCK,Kimtigo WOLFRINE 8GB 3200MHz DDR4 UDIMM Desktop RAM White,kimtigo-wolfrine-8gb-3200mhz-ddr4-udimm-desktop-ram-white,RAM-KIMTIGO-WOLFRINE-8GB-3200MHZ-DDR4-UDIMM-,kimtigo,desktop-ram,Kimtigo WOLFRINE 8GB 3200MHz DDR4 UDIMM Desktop RAM White - fill your own short pitch before publish.,,6000,,,IN_STOCK,0,5,false,true,/uploads/ram/kimtigo-wolfrine-8gb-3200mhz-ddr4-udimm-desktop-ram-white.webp,Kimtigo WOLFRINE 8GB 3200MHz DDR4 UDIMM Desktop RAM White,Buy Kimtigo WOLFRINE 8GB 3200MHz DDR4 UDIMM Desktop RAM White in Bangladesh | LogicBay BD,Kimtigo WOLFRINE 8GB 3200MHz DDR4 UDIMM Desktop RAM White. Check price and warranty at LogicBay BD.,"desktop ram, kimtigo, ddr4, 8gb, 3200 mhz",https://www.startech.com.bd/kimtigo-wolfrine-8gb-3200mhz-ddr4-udimm-ram-white,DDR4,3200 MHz,,8GB,,,White,,Lifetime
STOCK,Colorful Battle-AX 16GB DDR5 6000MHz CL40 Desktop RAM,colorful-battle-ax-16gb-ddr5-6000mhz-cl40-desktop-ram,RAM-COLORFUL-BATTLE-AX-16GB-DDR5-6000MHZ-CL4,colorful,desktop-ram,Colorful Battle-AX 16GB DDR5 6000MHz CL40 Desktop RAM - fill your own short pitch before publish.,,29500,,,IN_STOCK,0,5,false,true,/uploads/ram/colorful-battle-ax-16gb-ddr5-6000mhz-cl40-desktop-ram.webp,Colorful Battle-AX 16GB DDR5 6000MHz CL40 Desktop RAM,Buy Colorful Battle-AX 16GB DDR5 6000MHz CL40 Desktop RAM in Bangladesh | LogicBay BD,Colorful Battle-AX 16GB DDR5 6000MHz CL40 Desktop RAM. Check price and warranty at LogicBay BD.,"desktop ram, colorful, ddr5, 16gb, 6000 mhz",https://www.startech.com.bd/colorful-battle-ax-16gb-ddr5-6000mhz-ram,DDR5,6000 MHz,,16GB,,,,,Lifetime
STOCK,OSCOO R500 RGB 16GB DDR5 6000MHz CL46 Desktop RAM,oscoo-r500-rgb-16gb-ddr5-6000mhz-cl46-desktop-ram,RAM-OSCOO-R500-RGB-16GB-DDR5-6000MHZ-CL46,oscoo,desktop-ram,OSCOO R500 RGB 16GB DDR5 6000MHz CL46 Desktop RAM - fill your own short pitch before publish.,,27500,31000,,IN_STOCK,0,5,false,true,/uploads/ram/oscoo-r500-rgb-16gb-ddr5-6000mhz-cl46-desktop-ram.webp,OSCOO R500 RGB 16GB DDR5 6000MHz CL46 Desktop RAM,Buy OSCOO R500 RGB 16GB DDR5 6000MHz CL46 Desktop RAM in Bangladesh | LogicBay BD,OSCOO R500 RGB 16GB DDR5 6000MHz CL46 Desktop RAM. Check price and warranty at LogicBay BD.,"desktop ram, oscoo, ddr5, 16gb, 6000 mhz",https://www.startech.com.bd/oscoo-r500-rgb-16gb-ddr5-ram,DDR5,6000 MHz,,16GB,,,,RGB RAM,Lifetime
STOCK,KingBank KJXB 8GB DDR4 3200MHz Desktop RAM,kingbank-kjxb-8gb-ddr4-3200mhz-desktop-ram,RAM-KINGBANK-KJXB-8GB-DDR4-3200MHZ,kingbank,desktop-ram,KingBank KJXB 8GB DDR4 3200MHz Desktop RAM - fill your own short pitch before publish.,,6900,,,IN_STOCK,0,5,false,true,/uploads/ram/kingbank-kjxb-8gb-ddr4-3200mhz-desktop-ram.webp,KingBank KJXB 8GB DDR4 3200MHz Desktop RAM,Buy KingBank KJXB 8GB DDR4 3200MHz Desktop RAM in Bangladesh | LogicBay BD,KingBank KJXB 8GB DDR4 3200MHz Desktop RAM. Check price and warranty at LogicBay BD.,"desktop ram, kingbank, ddr4, 8gb, 3200 mhz",https://www.startech.com.bd/kingbank-kjxb-8gb-ddr4-ram,DDR4,3200 MHz,,8GB,,,,,Lifetime
STOCK,Lexar 16GB DDR4 3200Mhz Desktop RAM,lexar-16gb-ddr4-3200mhz-desktop-ram,RAM-LEXAR-16GB-DDR4-3200MHZ,lexar,desktop-ram,Lexar 16GB DDR4 3200Mhz Desktop RAM - fill your own short pitch before publish.,,18800,,,IN_STOCK,0,5,false,true,/uploads/ram/lexar-16gb-ddr4-3200mhz-desktop-ram.webp,Lexar 16GB DDR4 3200Mhz Desktop RAM,Buy Lexar 16GB DDR4 3200Mhz Desktop RAM in Bangladesh | LogicBay BD,Lexar 16GB DDR4 3200Mhz Desktop RAM. Check price and warranty at LogicBay BD.,"desktop ram, lexar, ddr4, 16gb, 3200 mhz",https://www.startech.com.bd/lexar-16gb-ddr4-3200mhz-desktop-ram,DDR4,3200 MHz,,16GB,,,,,Lifetime
STOCK,PNY XLR8 RGB 16GB DDR4 3200MHz Desktop RAM White,pny-xlr8-rgb-16gb-ddr4-3200mhz-desktop-ram-white,RAM-PNY-XLR8-RGB-16GB-DDR4-3200MHZ-WHITE,pny,desktop-ram,PNY XLR8 RGB 16GB DDR4 3200MHz Desktop RAM White - fill your own short pitch before publish.,,16500,,,IN_STOCK,0,5,false,true,/uploads/ram/pny-xlr8-rgb-16gb-ddr4-3200mhz-desktop-ram-white.webp,PNY XLR8 RGB 16GB DDR4 3200MHz Desktop RAM White,Buy PNY XLR8 RGB 16GB DDR4 3200MHz Desktop RAM White in Bangladesh | LogicBay BD,PNY XLR8 RGB 16GB DDR4 3200MHz Desktop RAM White. Check price and warranty at LogicBay BD.,"desktop ram, pny, ddr4, 16gb, 3200 mhz",https://www.startech.com.bd/pny-xlr8-rgb-16gb-ddr4-ram-white,DDR4,3200 MHz,,16GB,,,White,RGB RAM,Lifetime
STOCK,Kingston FURY Beast 16GB 3200MHz DDR4 Desktop RAM,kingston-fury-beast-16gb-3200mhz-ddr4-desktop-ram,RAM-KINGSTON-FURY-BEAST-16GB-3200MHZ-DDR4,kingston,desktop-ram,Kingston FURY Beast 16GB 3200MHz DDR4 Desktop RAM - fill your own short pitch before publish.,,16500,18300,,IN_STOCK,0,5,false,true,/uploads/ram/kingston-fury-beast-16gb-3200mhz-ddr4-desktop-ram.jpg,Kingston FURY Beast 16GB 3200MHz DDR4 Desktop RAM,Buy Kingston FURY Beast 16GB 3200MHz DDR4 Desktop RAM in Bangladesh | LogicBay BD,Kingston FURY Beast 16GB 3200MHz DDR4 Desktop RAM. Check price and warranty at LogicBay BD.,"desktop ram, kingston, ddr4, 16gb, 3200 mhz",https://www.startech.com.bd/kingston-fury-beast-16gb-3200mhz-ddr4-desktop-ram,DDR4,3200 MHz,,16GB,,,,,Lifetime
STOCK,CORSAIR Vengeance RGB PRO SL 8GB DDR4 3200MHz Desktop RAM,corsair-vengeance-rgb-pro-sl-8gb-ddr4-3200mhz-desktop-ram,RAM-CORSAIR-VENGEANCE-RGB-PRO-SL-8GB-DDR4-32,corsair,desktop-ram,CORSAIR Vengeance RGB PRO SL 8GB DDR4 3200MHz Desktop RAM - fill your own short pitch before publish.,,9900,,,IN_STOCK,0,5,false,true,/uploads/ram/corsair-vengeance-rgb-pro-sl-8gb-ddr4-3200mhz-desktop-ram.webp,CORSAIR Vengeance RGB PRO SL 8GB DDR4 3200MHz Desktop RAM,Buy CORSAIR Vengeance RGB PRO SL 8GB DDR4 3200MHz Desktop RAM in Bangladesh | LogicBay BD,CORSAIR Vengeance RGB PRO SL 8GB DDR4 3200MHz Desktop RAM. Check price and warranty at LogicBay BD.,"desktop ram, corsair, ddr4, 8gb, 3200 mhz",https://www.startech.com.bd/corsair-vengeance-rgb-pro-sl-8gb-ddr4-3200mhz-ram,DDR4,3200 MHz,,8GB,,,,RGB RAM,Lifetime
STOCK,G.SKILL Value 8GB DDR4 2666Mhz Desktop RAM,g-skill-value-8gb-ddr4-2666mhz-desktop-ram,RAM-GSKILL-G-SKILL-VALUE-8GB-DDR4-2666MHZ,g-skill,desktop-ram,G.SKILL Value 8GB DDR4 2666Mhz Desktop RAM - fill your own short pitch before publish.,,7000,7500,,IN_STOCK,0,5,false,true,/uploads/ram/g-skill-value-8gb-ddr4-2666mhz-desktop-ram.webp,G.SKILL Value 8GB DDR4 2666Mhz Desktop RAM,Buy G.SKILL Value 8GB DDR4 2666Mhz Desktop RAM in Bangladesh | LogicBay BD,G.SKILL Value 8GB DDR4 2666Mhz Desktop RAM. Check price and warranty at LogicBay BD.,"desktop ram, g-skill, ddr4, 8gb, 2666 mhz",https://www.startech.com.bd/g-skill-value-8gb-ddr4-2666mhz-desktop-ram,DDR4,2666 MHz,,8GB,,,,,Lifetime
STOCK,Team T-CREATE EXPERT 8GB DDR4 3200MHz Desktop RAM,team-t-create-expert-8gb-ddr4-3200mhz-desktop-ram,RAM-TEAM-T-CREATE-EXPERT-8GB-DDR4-3200MHZ,team,desktop-ram,Team T-CREATE EXPERT 8GB DDR4 3200MHz Desktop RAM - fill your own short pitch before publish.,,8800,,,IN_STOCK,0,5,false,true,/uploads/ram/team-t-create-expert-8gb-ddr4-3200mhz-desktop-ram.webp,Team T-CREATE EXPERT 8GB DDR4 3200MHz Desktop RAM,Buy Team T-CREATE EXPERT 8GB DDR4 3200MHz Desktop RAM in Bangladesh | LogicBay BD,Team T-CREATE EXPERT 8GB DDR4 3200MHz Desktop RAM. Check price and warranty at LogicBay BD.,"desktop ram, team, ddr4, 8gb, 3200 mhz",https://www.startech.com.bd/team-t-create-expert-8gb-ddr4-ram,DDR4,3200 MHz,,8GB,,,,,Lifetime
STOCK,PNY XLR8 Gaming RGB 16GB DDR5 6000MHz CL36 Desktop RAM,pny-xlr8-gaming-rgb-16gb-ddr5-6000mhz-cl36-desktop-ram,RAM-PNY-XLR8-GAMING-RGB-16GB-DDR5-6000MHZ-CL,pny,desktop-ram,PNY XLR8 Gaming RGB 16GB DDR5 6000MHz CL36 Desktop RAM - fill your own short pitch before publish.,,28000,,,IN_STOCK,0,5,false,true,/uploads/ram/pny-xlr8-gaming-rgb-16gb-ddr5-6000mhz-cl36-desktop-ram.webp,PNY XLR8 Gaming RGB 16GB DDR5 6000MHz CL36 Desktop RAM,Buy PNY XLR8 Gaming RGB 16GB DDR5 6000MHz CL36 Desktop RAM in Bangladesh | LogicBay BD,PNY XLR8 Gaming RGB 16GB DDR5 6000MHz CL36 Desktop RAM. Check price and warranty at LogicBay BD.,"desktop ram, pny, ddr5, 16gb, 6000 mhz",https://www.startech.com.bd/pny-xlr8-gaming-rgb-16gb-ddr5-ram,DDR5,6000 MHz,,16GB,,,,RGB RAM,Lifetime
STOCK,Twinmos 8GB DDR4 2400MHz Desktop RAM,twinmos-8gb-ddr4-2400mhz-desktop-ram,RAM-TWINMOS-8GB-DDR4-2400MHZ,twinmos,desktop-ram,Twinmos 8GB DDR4 2400MHz Desktop RAM - fill your own short pitch before publish.,,3000,,,IN_STOCK,0,5,false,true,/uploads/ram/twinmos-8gb-ddr4-2400mhz-desktop-ram.jpg,Twinmos 8GB DDR4 2400MHz Desktop RAM,Buy Twinmos 8GB DDR4 2400MHz Desktop RAM in Bangladesh | LogicBay BD,Twinmos 8GB DDR4 2400MHz Desktop RAM. Check price and warranty at LogicBay BD.,"desktop ram, twinmos, ddr4, 8gb, 2400 mhz",https://www.startech.com.bd/twinmos-8gb-ddr4-2400mhz-desktop-ram,DDR4,2400 MHz,,8GB,,,,,Lifetime
STOCK,Netac Basic 4GB DDR4 2666MHZ Desktop RAM,netac-basic-4gb-ddr4-2666mhz-desktop-ram,RAM-NETAC-BASIC-4GB-DDR4-2666MHZ,netac,desktop-ram,Netac Basic 4GB DDR4 2666MHZ Desktop RAM - fill your own short pitch before publish.,,3900,3950,,IN_STOCK,0,5,false,true,/uploads/ram/netac-basic-4gb-ddr4-2666mhz-desktop-ram.webp,Netac Basic 4GB DDR4 2666MHZ Desktop RAM,Buy Netac Basic 4GB DDR4 2666MHZ Desktop RAM in Bangladesh | LogicBay BD,Netac Basic 4GB DDR4 2666MHZ Desktop RAM. Check price and warranty at LogicBay BD.,"desktop ram, netac, ddr4, 4gb, 2666 mhz",https://www.startech.com.bd/netac-basic-4gb-ddr4-2666mhz-desktop-ram,DDR4,2666 MHz,,4GB,,,,,Lifetime
STOCK,OCPC X3 RGB DDR4 3200MHz 8GB Desktop RAM White,ocpc-x3-rgb-ddr4-3200mhz-8gb-desktop-ram-white,RAM-OCPC-X3-RGB-DDR4-3200MHZ-8GB-WHITE,ocpc,desktop-ram,OCPC X3 RGB DDR4 3200MHz 8GB Desktop RAM White - fill your own short pitch before publish.,,7900,8200,,IN_STOCK,0,5,false,true,/uploads/ram/ocpc-x3-rgb-ddr4-3200mhz-8gb-desktop-ram-white.webp,OCPC X3 RGB DDR4 3200MHz 8GB Desktop RAM White,Buy OCPC X3 RGB DDR4 3200MHz 8GB Desktop RAM White in Bangladesh | LogicBay BD,OCPC X3 RGB DDR4 3200MHz 8GB Desktop RAM White. Check price and warranty at LogicBay BD.,"desktop ram, ocpc, ddr4, 8gb, 3200 mhz",https://www.startech.com.bd/ocpc-x3-rgb-ddr4-3200mhz-8gb-ram-white,DDR4,3200 MHz,,8GB,,,White,RGB RAM,Lifetime
STOCK,AITC Kingsman RGB 8GB DDR4 3200MHz Gaming Desktop RAM,aitc-kingsman-rgb-8gb-ddr4-3200mhz-gaming-desktop-ram,RAM-AITC-KINGSMAN-RGB-8GB-DDR4-3200MHZ-GAMIN,aitc,desktop-ram,AITC Kingsman RGB 8GB DDR4 3200MHz Gaming Desktop RAM - fill your own short pitch before publish.,,8800,,,IN_STOCK,0,5,false,true,/uploads/ram/aitc-kingsman-rgb-8gb-ddr4-3200mhz-gaming-desktop-ram.webp,AITC Kingsman RGB 8GB DDR4 3200MHz Gaming Desktop RAM,Buy AITC Kingsman RGB 8GB DDR4 3200MHz Gaming Desktop RAM in Bangladesh | LogicBay BD,AITC Kingsman RGB 8GB DDR4 3200MHz Gaming Desktop RAM. Check price and warranty at LogicBay BD.,"desktop ram, aitc, ddr4, 8gb, 3200 mhz",https://www.startech.com.bd/aitc-kingsman-rgb-8gb-ddr4-ram,DDR4,3200 MHz,,8GB,,,,RGB RAM,Lifetime
STOCK,Kimtigo WOLFRINE 16GB 3200MHz DDR4 UDIMM Desktop RAM White,kimtigo-wolfrine-16gb-3200mhz-ddr4-udimm-desktop-ram-white,RAM-KIMTIGO-WOLFRINE-16GB-3200MHZ-DDR4-UDIMM,kimtigo,desktop-ram,Kimtigo WOLFRINE 16GB 3200MHz DDR4 UDIMM Desktop RAM White - fill your own short pitch before publish.,,12500,,,IN_STOCK,0,5,false,true,/uploads/ram/kimtigo-wolfrine-16gb-3200mhz-ddr4-udimm-desktop-ram-white.webp,Kimtigo WOLFRINE 16GB 3200MHz DDR4 UDIMM Desktop RAM White,Buy Kimtigo WOLFRINE 16GB 3200MHz DDR4 UDIMM Desktop RAM White in Bangladesh | LogicBay BD,Kimtigo WOLFRINE 16GB 3200MHz DDR4 UDIMM Desktop RAM White. Check price and warranty at LogicBay BD.,"desktop ram, kimtigo, ddr4, 16gb, 3200 mhz",https://www.startech.com.bd/kimtigo-wolfrine-16gb-3200mhz-ram-white,DDR4,3200 MHz,,16GB,,,White,,Lifetime
STOCK,Colorful CVN Guardian 8GB DDR4 3200MHz RGB Desktop RAM,colorful-cvn-guardian-8gb-ddr4-3200mhz-rgb-desktop-ram,RAM-COLORFUL-CVN-GUARDIAN-8GB-DDR4-3200MHZ-R,colorful,desktop-ram,Colorful CVN Guardian 8GB DDR4 3200MHz RGB Desktop RAM - fill your own short pitch before publish.,,3000,,,IN_STOCK,0,5,false,true,/uploads/ram/colorful-cvn-guardian-8gb-ddr4-3200mhz-rgb-desktop-ram.webp,Colorful CVN Guardian 8GB DDR4 3200MHz RGB Desktop RAM,Buy Colorful CVN Guardian 8GB DDR4 3200MHz RGB Desktop RAM in Bangladesh | LogicBay BD,Colorful CVN Guardian 8GB DDR4 3200MHz RGB Desktop RAM. Check price and warranty at LogicBay BD.,"desktop ram, colorful, ddr4, 8gb, 3200 mhz",https://www.startech.com.bd/colorful-cvn-guardian-8gb-ddr4-3200mhz-rgb-ram,DDR4,3200 MHz,,8GB,,,,RGB RAM,Lifetime
STOCK,OSCOO Warrior E500 32GB DDR5 5200MHz CL36 Desktop RAM,oscoo-warrior-e500-32gb-ddr5-5200mhz-cl36-desktop-ram,RAM-OSCOO-WARRIOR-E500-32GB-DDR5-5200MHZ-CL3,oscoo,desktop-ram,OSCOO Warrior E500 32GB DDR5 5200MHz CL36 Desktop RAM - fill your own short pitch before publish.,,53000,,,IN_STOCK,0,5,false,true,/uploads/ram/oscoo-warrior-e500-32gb-ddr5-5200mhz-cl36-desktop-ram.webp,OSCOO Warrior E500 32GB DDR5 5200MHz CL36 Desktop RAM,Buy OSCOO Warrior E500 32GB DDR5 5200MHz CL36 Desktop RAM in Bangladesh | LogicBay BD,OSCOO Warrior E500 32GB DDR5 5200MHz CL36 Desktop RAM. Check price and warranty at LogicBay BD.,"desktop ram, oscoo, ddr5, 32gb, 5200 mhz",https://www.startech.com.bd/oscoo-warrior-e500-32gb-ddr5-5200mhz-ram,DDR5,5200 MHz,,32GB,,,,,Lifetime
STOCK,KingBank KJXB 16GB DDR4 3200MHz Desktop RAM,kingbank-kjxb-16gb-ddr4-3200mhz-desktop-ram,RAM-KINGBANK-KJXB-16GB-DDR4-3200MHZ,kingbank,desktop-ram,KingBank KJXB 16GB DDR4 3200MHz Desktop RAM - fill your own short pitch before publish.,,12700,,,IN_STOCK,0,5,false,true,/uploads/ram/kingbank-kjxb-16gb-ddr4-3200mhz-desktop-ram.webp,KingBank KJXB 16GB DDR4 3200MHz Desktop RAM,Buy KingBank KJXB 16GB DDR4 3200MHz Desktop RAM in Bangladesh | LogicBay BD,KingBank KJXB 16GB DDR4 3200MHz Desktop RAM. Check price and warranty at LogicBay BD.,"desktop ram, kingbank, ddr4, 16gb, 3200 mhz",https://www.startech.com.bd/kingbank-kjxb-16gb-ddr4-ram,DDR4,3200 MHz,,16GB,,,,,Lifetime